<KicadtoNgspice><source><vv5 name="Source type">)</vv5><vv1 name="Source type">10</vv1><vv3 name="Source type">)</vv3><vv2 name="Source type">)</vv2><vv4 name="Source type">)</vv4></source><model /><devicemodel><q4><field>/home/zero/Downloads/eSim-2.5/library/deviceModelLibrary/Transistor/NPN.lib</field></q4><d4><field>/home/zero/Downloads/eSim-2.5/library/deviceModelLibrary/Diode/schottky.lib</field></d4><d2><field>/home/zero/Downloads/eSim-2.5/library/deviceModelLibrary/Diode/schottky.lib</field></d2><d1><field>/home/zero/Downloads/eSim-2.5/library/deviceModelLibrary/Diode/schottky.lib</field></d1><q1><field>/home/zero/Downloads/eSim-2.5/library/deviceModelLibrary/Transistor/NPN.lib</field></q1><q2><field>/home/zero/Downloads/eSim-2.5/library/deviceModelLibrary/Transistor/NPN.lib</field></q2><q3><field>/home/zero/Downloads/eSim-2.5/library/deviceModelLibrary/Transistor/NPN.lib</field></q3><d3><field>/home/zero/Downloads/eSim-2.5/library/deviceModelLibrary/Diode/schottky.lib</field></d3></devicemodel><subcircuit /><microcontroller /><analysis><ac><field1 name="Lin">true</field1><field2 name="Dec">false</field2><field3 name="Oct">false</field3><field4 name="Start Frequency" /><field5 name="Stop Frequency" /><field6 name="No. of points" /><field7 name="Start Fre Combo">Hz</field7><field8 name="Stop Fre Combo">Hz</field8></ac><dc><field1 name="Source 1" /><field2 name="Start" /><field3 name="Increment" /><field4 name="Stop" /><field5 name="Operating Point">0</field5><field6 name="Start Combo">Volts or Amperes</field6><field7 name="Increment Combo">Volts or Amperes</field7><field8 name="Stop Combo">Volts or Amperes</field8><field9 name="Source 2" /><field10 name="Start" /><field11 name="Increment" /><field12 name="Stop" /><field13 name="Start Combo">Volts or Amperes</field13><field14 name="Increment Combo">Volts or Amperes</field14><field15 name="Stop Combo">Volts or Amperes</field15></dc><tran><field1 name="Start Time">0</field1><field2 name="Step Time">500</field2><field3 name="Stop Time">50</field3><field4 name="Start Combo">sec</field4><field5 name="Step Combo">us</field5><field6 name="Stop Combo">ms</field6></tran></analysis></KicadtoNgspice>